full_name,school,nickname,url,location,secondary_name
Abilene Christian Wildcats,Abilene Christian,Wildcats,/cbb/schools/abilene-christian/men/,"Abilene, Texas",
Air Force Falcons,Air Force,Falcons,/cbb/schools/air-force/men/,"USAF Academy, Colorado",
Akron Zips,Akron,Zips,/cbb/schools/akron/men/,"Akron, Ohio",
Alabama A&M Bulldogs,Alabama A&M,Bulldogs,/cbb/schools/alabama-am/men/,"Normal, Alabama",
Alabama Crimson Tide,Alabama,Crimson Tide,/cbb/schools/alabama/men/,"Tuscaloosa, Alabama",
Alabama State Hornets,Alabama State,Hornets,/cbb/schools/alabama-state/men/,"Montgomery, Alabama",
Albany (NY) Great Danes,Albany (NY),Great Danes,/cbb/schools/albany-ny/men/,"Albany, New York",
Alcorn State Braves,Alcorn State,Braves,/cbb/schools/alcorn-state/men/,"Alcorn State, Mississippi",
American Eagles,American,Eagles,/cbb/schools/american/men/,"Washington, D.C.",
Appalachian State Mountaineers,Appalachian State,Mountaineers,/cbb/schools/appalachian-state/men/,"Boone, North Carolina",
Arizona State Sun Devils,Arizona State,Sun Devils,/cbb/schools/arizona-state/men/,"Tempe, Arizona",
Arizona Wildcats,Arizona,Wildcats,/cbb/schools/arizona/men/,"Tucson, Arizona",
Arkansas Razorbacks,Arkansas,Razorbacks,/cbb/schools/arkansas/men/,"Fayetteville, Arkansas",
Arkansas State Red Wolves,Arkansas State,Red Wolves,/cbb/schools/arkansas-state/men/,"State University, Arkansas",
Arkansas-Pine Bluff Golden Lions,Arkansas-Pine Bluff,Golden Lions,/cbb/schools/arkansas-pine-bluff/men/,"Pine Bluff, Arkansas",
Army Black Knights,Army,Black Knights,/cbb/schools/army/men/,"West Point, New York",
Auburn Tigers,Auburn,Tigers,/cbb/schools/auburn/men/,"Auburn, Alabama",
Austin Peay Governors,Austin Peay,Governors,/cbb/schools/austin-peay/men/,"Clarksville, Tennessee",
Ball State Cardinals,Ball State,Cardinals,/cbb/schools/ball-state/men/,"Muncie, Indiana",
Baylor Bears,Baylor,Bears,/cbb/schools/baylor/men/,"Waco, Texas",
Bellarmine Knights,Bellarmine,Knights,/cbb/schools/bellarmine/men/,"Louisville, Kentucky",
Belmont Bruins,Belmont,Bruins,/cbb/schools/belmont/men/,"Nashville, Tennessee",
Bethune-Cookman Wildcats,Bethune-Cookman,Wildcats,/cbb/schools/bethune-cookman/men/,"Daytona Beach, Florida",
Binghamton Bearcats,Binghamton,Bearcats,/cbb/schools/binghamton/men/,"Binghamton, New York",
Boise State Broncos,Boise State,Broncos,/cbb/schools/boise-state/men/,"Boise, Idaho",
Boston College Eagles,Boston College,Eagles,/cbb/schools/boston-college/men/,"Chestnut Hill, Massachusetts",
Boston University Terriers,Boston University,Terriers,/cbb/schools/boston-university/men/,"Boston, Massachusetts",
Bowling Green State Falcons,Bowling Green State,Falcons,/cbb/schools/bowling-green-state/men/,"Bowling Green, Ohio",
Bradley Braves,Bradley,Braves,/cbb/schools/bradley/men/,"Peoria, Illinois",
Brigham Young Cougars,Brigham Young,Cougars,/cbb/schools/brigham-young/men/,"Provo, Utah",BYU
Brown Bears,Brown,Bears,/cbb/schools/brown/men/,"Providence, Rhode Island",
Bryant Bulldogs,Bryant,Bulldogs,/cbb/schools/bryant/men/,"Smithfield, Rhode Island",
Bucknell Bison,Bucknell,Bison,/cbb/schools/bucknell/men/,"Lewisburg, Pennsylvania",
Buffalo Bulls,Buffalo,Bulls,/cbb/schools/buffalo/men/,"Buffalo, New York",
Butler Bulldogs,Butler,Bulldogs,/cbb/schools/butler/men/,"Indianapolis, Indiana",
Cal Poly Mustangs,Cal Poly,Mustangs,/cbb/schools/cal-poly/men/,"San Luis Obispo, California",
Cal State Bakersfield Roadrunners,Cal State Bakersfield,Roadrunners,/cbb/schools/cal-state-bakersfield/men/,"Bakersfield, California",
Cal State Fullerton Titans,Cal State Fullerton,Titans,/cbb/schools/cal-state-fullerton/men/,"Fullerton, California",
Cal State Northridge Matadors,Cal State Northridge,Matadors,/cbb/schools/cal-state-northridge/men/,"Northridge, California",
California Baptist Lancers,California Baptist,Lancers,/cbb/schools/california-baptist/men/,"Riverside, California",
California Golden Bears,California,Golden Bears,/cbb/schools/california/men/,"Berkeley, California",
Campbell Fighting Camels,Campbell,Fighting Camels,/cbb/schools/campbell/men/,"Buies Creek, North Carolina",
Canisius Golden Griffins,Canisius,Golden Griffins,/cbb/schools/canisius/men/,"Buffalo, New York",
Central Arkansas Bears,Central Arkansas,Bears,/cbb/schools/central-arkansas/men/,"Conway, Arkansas",
Central Connecticut State Blue Devils,Central Connecticut State,Blue Devils,/cbb/schools/central-connecticut-state/men/,"New Britain, Connecticut",Central Connecticut
Central Florida Knights,Central Florida,Knights,/cbb/schools/central-florida/men/,"Orlando, Florida",UCF
Central Michigan Chippewas,Central Michigan,Chippewas,/cbb/schools/central-michigan/men/,"Mount Pleasant, Michigan",
Charleston Southern Buccaneers,Charleston Southern,Buccaneers,/cbb/schools/charleston-southern/men/,"Charleston, South Carolina",
Charlotte 49ers,Charlotte,49ers,/cbb/schools/charlotte/men/,"Charlotte, North Carolina",
Chattanooga Mocs,Chattanooga,Mocs,/cbb/schools/chattanooga/men/,"Chattanooga, Tennessee",
Chicago State Cougars,Chicago State,Cougars,/cbb/schools/chicago-state/men/,"Chicago, Illinois",
Cincinnati Bearcats,Cincinnati,Bearcats,/cbb/schools/cincinnati/men/,"Cincinnati, Ohio",
Clemson Tigers,Clemson,Tigers,/cbb/schools/clemson/men/,"Clemson, South Carolina",
Cleveland State Vikings,Cleveland State,Vikings,/cbb/schools/cleveland-state/men/,"Cleveland, Ohio",
Coastal Carolina Chanticleers,Coastal Carolina,Chanticleers,/cbb/schools/coastal-carolina/men/,"Conway, South Carolina",
Colgate Raiders,Colgate,Raiders,/cbb/schools/colgate/men/,"Hamilton, New York",
College of Charleston Cougars,College of Charleston,Cougars,/cbb/schools/college-of-charleston/men/,"Charleston, South Carolina",
Colorado Buffaloes,Colorado,Buffaloes,/cbb/schools/colorado/men/,"Boulder, Colorado",
Colorado State Rams,Colorado State,Rams,/cbb/schools/colorado-state/men/,"Fort Collins, Colorado",
Columbia Lions,Columbia,Lions,/cbb/schools/columbia/men/,"New York, New York",
Connecticut Huskies,Connecticut,Huskies,/cbb/schools/connecticut/men/,"Storrs, Connecticut",
Coppin State Eagles,Coppin State,Eagles,/cbb/schools/coppin-state/men/,"Baltimore, Maryland",
Cornell Big Red,Cornell,Big Red,/cbb/schools/cornell/men/,"Ithaca, New York",
Creighton Bluejays,Creighton,Bluejays,/cbb/schools/creighton/men/,"Omaha, Nebraska",
Dartmouth Big Green,Dartmouth,Big Green,/cbb/schools/dartmouth/men/,"Hanover, New Hampshire",
Davidson Wildcats,Davidson,Wildcats,/cbb/schools/davidson/men/,"Davidson, North Carolina",
Dayton Flyers,Dayton,Flyers,/cbb/schools/dayton/men/,"Dayton, Ohio",
Delaware Fightin' Blue Hens,Delaware,Fightin' Blue Hens,/cbb/schools/delaware/men/,"Newark, Delaware",
Delaware State Hornets,Delaware State,Hornets,/cbb/schools/delaware-state/men/,"Dover, Delaware",
Denver Pioneers,Denver,Pioneers,/cbb/schools/denver/men/,"Denver, Colorado",
DePaul Blue Demons,DePaul,Blue Demons,/cbb/schools/depaul/men/,"Chicago, Illinois",
Detroit Mercy Titans,Detroit Mercy,Titans,/cbb/schools/detroit-mercy/men/,"Detroit, Michigan",
Drake Bulldogs,Drake,Bulldogs,/cbb/schools/drake/men/,"Des Moines, Iowa",
Drexel Dragons,Drexel,Dragons,/cbb/schools/drexel/men/,"Philadelphia, Pennsylvania",
Duke Blue Devils,Duke,Blue Devils,/cbb/schools/duke/men/,"Durham, North Carolina",
Duquesne Dukes,Duquesne,Dukes,/cbb/schools/duquesne/men/,"Pittsburgh, Pennsylvania",
East Carolina Pirates,East Carolina,Pirates,/cbb/schools/east-carolina/men/,"Greenville, North Carolina",
East Tennessee State Buccaneers,East Tennessee State,Buccaneers,/cbb/schools/east-tennessee-state/men/,"Johnson City, Tennessee",ETSU
Eastern Illinois Panthers,Eastern Illinois,Panthers,/cbb/schools/eastern-illinois/men/,"Charleston, Illinois",
Eastern Kentucky Colonels,Eastern Kentucky,Colonels,/cbb/schools/eastern-kentucky/men/,"Richmond, Kentucky",
Eastern Michigan Eagles,Eastern Michigan,Eagles,/cbb/schools/eastern-michigan/men/,"Ypsilanti, Michigan",
Eastern Washington Eagles,Eastern Washington,Eagles,/cbb/schools/eastern-washington/men/,"Cheney, Washington",
Elon Phoenix,Elon,Phoenix,/cbb/schools/elon/men/,"Elon, North Carolina",
Evansville Purple Aces,Evansville,Purple Aces,/cbb/schools/evansville/men/,"Evansville, Indiana",
Fairfield Stags,Fairfield,Stags,/cbb/schools/fairfield/men/,"Fairfield, Connecticut",
Fairleigh Dickinson Knights,Fairleigh Dickinson,Knights,/cbb/schools/fairleigh-dickinson/men/,"Teaneck, New Jersey",
Florida A&M Rattlers,Florida A&M,Rattlers,/cbb/schools/florida-am/men/,"Tallahassee, Florida",
Florida Atlantic Owls,Florida Atlantic,Owls,/cbb/schools/florida-atlantic/men/,"Boca Raton, Florida",
Florida Gators,Florida,Gators,/cbb/schools/florida/men/,"Gainesville, Florida",
Florida Gulf Coast Eagles,Florida Gulf Coast,Eagles,/cbb/schools/florida-gulf-coast/men/,"Fort Myers, Florida",
Florida International Panthers,Florida International,Panthers,/cbb/schools/florida-international/men/,"Miami, Florida",
Florida State Seminoles,Florida State,Seminoles,/cbb/schools/florida-state/men/,"Tallahassee, Florida",
Fordham Rams,Fordham,Rams,/cbb/schools/fordham/men/,"Bronx, New York",
Fresno State Bulldogs,Fresno State,Bulldogs,/cbb/schools/fresno-state/men/,"Fresno, California",
Furman Paladins,Furman,Paladins,/cbb/schools/furman/men/,"Greenville, South Carolina",
Gardner-Webb Runnin' Bulldogs,Gardner-Webb,Runnin' Bulldogs,/cbb/schools/gardner-webb/men/,"Boiling Springs, North Carolina",
George Mason Patriots,George Mason,Patriots,/cbb/schools/george-mason/men/,"Fairfax, Virginia",
George Washington Colonials,George Washington,Colonials,/cbb/schools/george-washington/men/,"Washington, D.C.",
Georgetown Hoyas,Georgetown,Hoyas,/cbb/schools/georgetown/men/,"Washington, D.C.",
Georgia Bulldogs,Georgia,Bulldogs,/cbb/schools/georgia/men/,"Athens, Georgia",
Georgia Southern Eagles,Georgia Southern,Eagles,/cbb/schools/georgia-southern/men/,"Statesboro, Georgia",
Georgia State Panthers,Georgia State,Panthers,/cbb/schools/georgia-state/men/,"Atlanta, Georgia",
Georgia Tech Yellow Jackets,Georgia Tech,Yellow Jackets,/cbb/schools/georgia-tech/men/,"Atlanta, Georgia",
Gonzaga Bulldogs,Gonzaga,Bulldogs,/cbb/schools/gonzaga/men/,"Spokane, Washington",
Grambling Tigers,Grambling,Tigers,/cbb/schools/grambling/men/,"Grambling, Louisiana",
Grand Canyon Antelopes,Grand Canyon,Antelopes,/cbb/schools/grand-canyon/men/,"Phoenix, Arizona",
Green Bay Phoenix,Green Bay,Phoenix,/cbb/schools/green-bay/men/,"Green Bay, Wisconsin",
Hampton Pirates,Hampton,Pirates,/cbb/schools/hampton/men/,"Hampton, Virginia",
Hartford Hawks,Hartford,Hawks,/cbb/schools/hartford/men/,"West Hartford, Connecticut",
Harvard Crimson,Harvard,Crimson,/cbb/schools/harvard/men/,"Boston, Massachusetts",
Hawaii Rainbow Warriors,Hawaii,Rainbow Warriors,/cbb/schools/hawaii/men/,"Honolulu, Hawaii",
High Point Panthers,High Point,Panthers,/cbb/schools/high-point/men/,"High Point, North Carolina",
Hofstra Pride,Hofstra,Pride,/cbb/schools/hofstra/men/,"Hempstead, New York",
Holy Cross Crusaders,Holy Cross,Crusaders,/cbb/schools/holy-cross/men/,"Worcester, Massachusetts",
Houston Christian Huskies,Houston Christian,Huskies,/cbb/schools/houston-baptist/men/,"Houston, Texas",
Houston Cougars,Houston,Cougars,/cbb/schools/houston/men/,"Houston, Texas",
Howard Bison,Howard,Bison,/cbb/schools/howard/men/,"Washington, D.C.",
Idaho State Bengals,Idaho State,Bengals,/cbb/schools/idaho-state/men/,"Pocatello, Idaho",
Idaho Vandals,Idaho,Vandals,/cbb/schools/idaho/men/,"Moscow, Idaho",
Illinois Fighting Illini,Illinois,Fighting Illini,/cbb/schools/illinois/men/,"Champaign, Illinois",
Illinois State Redbirds,Illinois State,Redbirds,/cbb/schools/illinois-state/men/,"Normal, Illinois",
Illinois-Chicago Flames,Illinois-Chicago,Flames,/cbb/schools/illinois-chicago/men/,"Chicago, Illinois",UIC
Incarnate Word Cardinals,Incarnate Word,Cardinals,/cbb/schools/incarnate-word/men/,"San Antonio, Texas",
Indiana Hoosiers,Indiana,Hoosiers,/cbb/schools/indiana/men/,"Bloomington, Indiana",
Indiana State Sycamores,Indiana State,Sycamores,/cbb/schools/indiana-state/men/,"Terre Haute, Indiana",
Iona Gaels,Iona,Gaels,/cbb/schools/iona/men/,"New Rochelle, New York",
Iowa Hawkeyes,Iowa,Hawkeyes,/cbb/schools/iowa/men/,"Iowa City, Iowa",
Iowa State Cyclones,Iowa State,Cyclones,/cbb/schools/iowa-state/men/,"Ames, Iowa",
IUPUI Jaguars,IUPUI,Jaguars,/cbb/schools/iupui/men/,"Indianapolis, Indiana",
Jackson State Tigers,Jackson State,Tigers,/cbb/schools/jackson-state/men/,"Jackson, Mississippi",
Jacksonville Dolphins,Jacksonville,Dolphins,/cbb/schools/jacksonville/men/,"Jacksonville, Florida",
Jacksonville State Gamecocks,Jacksonville State,Gamecocks,/cbb/schools/jacksonville-state/men/,"Jacksonville, Alabama",
James Madison Dukes,James Madison,Dukes,/cbb/schools/james-madison/men/,"Harrisonburg, Virginia",
Kansas City Roos,Kansas City,Roos,/cbb/schools/missouri-kansas-city/men/,"Kansas City, Missouri",
Kansas Jayhawks,Kansas,Jayhawks,/cbb/schools/kansas/men/,"Lawrence, Kansas",
Kansas State Wildcats,Kansas State,Wildcats,/cbb/schools/kansas-state/men/,"Manhattan, Kansas",
Kennesaw State Owls,Kennesaw State,Owls,/cbb/schools/kennesaw-state/men/,"Kennesaw, Georgia",
Kent State Golden Flashes,Kent State,Golden Flashes,/cbb/schools/kent-state/men/,"Kent, Ohio",
Kentucky Wildcats,Kentucky,Wildcats,/cbb/schools/kentucky/men/,"Lexington, Kentucky",
La Salle Explorers,La Salle,Explorers,/cbb/schools/la-salle/men/,"Philadelphia, Pennsylvania",
Lafayette Leopards,Lafayette,Leopards,/cbb/schools/lafayette/men/,"Easton, Pennsylvania",
Lamar Cardinals,Lamar,Cardinals,/cbb/schools/lamar/men/,"Beaumont, Texas",
Lehigh Mountain Hawks,Lehigh,Mountain Hawks,/cbb/schools/lehigh/men/,"Bethlehem, Pennsylvania",
Liberty Flames,Liberty,Flames,/cbb/schools/liberty/men/,"Lynchburg, Virginia",
Lindenwood Lions,Lindenwood,Lions,/cbb/schools/lindenwood/men/,"St. Charles, Missouri",
Lipscomb Bisons,Lipscomb,Bisons,/cbb/schools/lipscomb/men/,"Nashville, Tennessee",
Little Rock Trojans,Little Rock,Trojans,/cbb/schools/arkansas-little-rock/men/,"Little Rock, Arkansas",
Long Beach State Beach,Long Beach State,Beach,/cbb/schools/long-beach-state/men/,"Long Beach, California",
Long Island University Sharks,Long Island University,Sharks,/cbb/schools/long-island-university/men/,"Brooklyn, New York",LIU
Longwood Lancers,Longwood,Lancers,/cbb/schools/longwood/men/,"Farmville, Virginia",
Louisiana Ragin' Cajuns,Louisiana,Ragin' Cajuns,/cbb/schools/louisiana-lafayette/men/,"Lafayette, Louisiana",
Louisiana State Fighting Tigers,Louisiana State,Fighting Tigers,/cbb/schools/louisiana-state/men/,"Baton Rouge, Louisiana",LSU
Louisiana Tech Bulldogs,Louisiana Tech,Bulldogs,/cbb/schools/louisiana-tech/men/,"Ruston, Louisiana",
Louisiana-Monroe Warhawks,Louisiana-Monroe,Warhawks,/cbb/schools/louisiana-monroe/men/,"Monroe, Louisiana",
Louisville Cardinals,Louisville,Cardinals,/cbb/schools/louisville/men/,"Louisville, Kentucky",
Loyola (IL) Ramblers,Loyola (IL),Ramblers,/cbb/schools/loyola-il/men/,"Chicago, Illinois",
Loyola (MD) Greyhounds,Loyola (MD),Greyhounds,/cbb/schools/loyola-md/men/,"Baltimore, Maryland",
Loyola Marymount Lions,Loyola Marymount,Lions,/cbb/schools/loyola-marymount/men/,"Los Angeles, California",
Maine Black Bears,Maine,Black Bears,/cbb/schools/maine/men/,"Orono, Maine",
Manhattan Jaspers,Manhattan,Jaspers,/cbb/schools/manhattan/men/,"Riverdale, New York",
Marist Red Foxes,Marist,Red Foxes,/cbb/schools/marist/men/,"Poughkeepsie, New York",
Marquette Golden Eagles,Marquette,Golden Eagles,/cbb/schools/marquette/men/,"Milwaukee, Wisconsin",
Marshall Thundering Herd,Marshall,Thundering Herd,/cbb/schools/marshall/men/,"Huntington, West Virginia",
Maryland Terrapins,Maryland,Terrapins,/cbb/schools/maryland/men/,"College Park, Maryland",
Maryland-Baltimore County Retrievers,Maryland-Baltimore County,Retrievers,/cbb/schools/maryland-baltimore-county/men/,"Baltimore, Maryland",UMBC
Maryland-Eastern Shore Hawks,Maryland-Eastern Shore,Hawks,/cbb/schools/maryland-eastern-shore/men/,"Princess Anne, Maryland",
Massachusetts Minutemen,Massachusetts,Minutemen,/cbb/schools/massachusetts/men/,"Amherst, Massachusetts",UMass
Massachusetts-Lowell River Hawks,Massachusetts-Lowell,River Hawks,/cbb/schools/massachusetts-lowell/men/,"Lowell, Massachusetts",UMass-Lowell
McNeese State Cowboys,McNeese State,Cowboys,/cbb/schools/mcneese-state/men/,"Lake Charles, Louisiana",
Memphis Tigers,Memphis,Tigers,/cbb/schools/memphis/men/,"Memphis, Tennessee",
Mercer Bears,Mercer,Bears,/cbb/schools/mercer/men/,"Macon, Georgia",
Merrimack Warriors,Merrimack,Warriors,/cbb/schools/merrimack/men/,"North Andover, Massachusetts",
Miami (FL) Hurricanes,Miami (FL),Hurricanes,/cbb/schools/miami-fl/men/,"Coral Gables, Florida",
Miami (OH) RedHawks,Miami (OH),RedHawks,/cbb/schools/miami-oh/men/,"Oxford, Ohio",
Michigan State Spartans,Michigan State,Spartans,/cbb/schools/michigan-state/men/,"East Lansing, Michigan",
Michigan Wolverines,Michigan,Wolverines,/cbb/schools/michigan/men/,"Ann Arbor, Michigan",
Middle Tennessee Blue Raiders,Middle Tennessee,Blue Raiders,/cbb/schools/middle-tennessee/men/,"Murfreesboro, Tennessee",
Milwaukee Panthers,Milwaukee,Panthers,/cbb/schools/milwaukee/men/,"Milwaukee, Wisconsin",
Minnesota Golden Gophers,Minnesota,Golden Gophers,/cbb/schools/minnesota/men/,"Minneapolis, Minnesota",
Mississippi Rebels,Mississippi,Rebels,/cbb/schools/mississippi/men/,"University, Mississippi",
Mississippi State Bulldogs,Mississippi State,Bulldogs,/cbb/schools/mississippi-state/men/,"Mississippi State, Mississippi",
Mississippi Valley State Delta Devils,Mississippi Valley State,Delta Devils,/cbb/schools/mississippi-valley-state/men/,"Itta Bena, Mississippi",
Missouri State Bears,Missouri State,Bears,/cbb/schools/missouri-state/men/,"Springfield, Missouri",
Missouri Tigers,Missouri,Tigers,/cbb/schools/missouri/men/,"Columbia, Missouri",
Monmouth Hawks,Monmouth,Hawks,/cbb/schools/monmouth/men/,"West Long Branch, New Jersey",
Montana Grizzlies,Montana,Grizzlies,/cbb/schools/montana/men/,"Missoula, Montana",
Montana State Bobcats,Montana State,Bobcats,/cbb/schools/montana-state/men/,"Bozeman, Montana",
Morehead State Eagles,Morehead State,Eagles,/cbb/schools/morehead-state/men/,"Morehead, Kentucky",
Morgan State Bears,Morgan State,Bears,/cbb/schools/morgan-state/men/,"Baltimore, Maryland",
Mount St. Mary's Mountaineers,Mount St. Mary's,Mountaineers,/cbb/schools/mount-st-marys/men/,"Emmitsburg, Maryland",
Murray State Racers,Murray State,Racers,/cbb/schools/murray-state/men/,"Murray, Kentucky",
Navy Midshipmen,Navy,Midshipmen,/cbb/schools/navy/men/,"Annapolis, Maryland",
NC State Wolfpack,NC State,Wolfpack,/cbb/schools/north-carolina-state/men/,"Raleigh, North Carolina",
Nebraska Cornhuskers,Nebraska,Cornhuskers,/cbb/schools/nebraska/men/,"Lincoln, Nebraska",
Nevada Wolf Pack,Nevada,Wolf Pack,/cbb/schools/nevada/men/,"Reno, Nevada",
Nevada-Las Vegas Rebels,Nevada-Las Vegas,Rebels,/cbb/schools/nevada-las-vegas/men/,"Las Vegas, Nevada",
New Hampshire Wildcats,New Hampshire,Wildcats,/cbb/schools/new-hampshire/men/,"Durham, New Hampshire",
New Mexico Lobos,New Mexico,Lobos,/cbb/schools/new-mexico/men/,"Albuquerque, New Mexico",
New Mexico State Aggies,New Mexico State,Aggies,/cbb/schools/new-mexico-state/men/,"Las Cruces, New Mexico",
New Orleans Privateers,New Orleans,Privateers,/cbb/schools/new-orleans/men/,"New Orleans, Louisiana",
Niagara Purple Eagles,Niagara,Purple Eagles,/cbb/schools/niagara/men/,"Niagara University, New York",
Nicholls State Colonels,Nicholls State,Colonels,/cbb/schools/nicholls-state/men/,"Thibodaux, Louisiana",
NJIT Highlanders,NJIT,Highlanders,/cbb/schools/njit/men/,"Newark, New Jersey",
Norfolk State Spartans,Norfolk State,Spartans,/cbb/schools/norfolk-state/men/,"Norfolk, Virginia",
North Alabama Lions,North Alabama,Lions,/cbb/schools/north-alabama/men/,"Florence, Alabama",
North Carolina A&T Aggies,North Carolina A&T,Aggies,/cbb/schools/north-carolina-at/men/,"Greensboro, North Carolina",
North Carolina Central Eagles,North Carolina Central,Eagles,/cbb/schools/north-carolina-central/men/,"Durham, North Carolina",
North Carolina Tar Heels,North Carolina,Tar Heels,/cbb/schools/north-carolina/men/,"Chapel Hill, North Carolina",
North Dakota Fighting Hawks,North Dakota,Fighting Hawks,/cbb/schools/north-dakota/men/,"Grand Forks, North Dakota",
North Dakota State Bison,North Dakota State,Bison,/cbb/schools/north-dakota-state/men/,"Fargo, North Dakota",
North Florida Ospreys,North Florida,Ospreys,/cbb/schools/north-florida/men/,"Jacksonville, Florida",
North Texas Mean Green,North Texas,Mean Green,/cbb/schools/north-texas/men/,"Denton, Texas",
Northeastern Huskies,Northeastern,Huskies,/cbb/schools/northeastern/men/,"Boston, Massachusetts",
Northern Arizona Lumberjacks,Northern Arizona,Lumberjacks,/cbb/schools/northern-arizona/men/,"Flagstaff, Arizona",
Northern Colorado Bears,Northern Colorado,Bears,/cbb/schools/northern-colorado/men/,"Greeley, Colorado",
Northern Illinois Huskies,Northern Illinois,Huskies,/cbb/schools/northern-illinois/men/,"De Kalb, Illinois",
Northern Iowa Panthers,Northern Iowa,Panthers,/cbb/schools/northern-iowa/men/,"Cedar Falls, Iowa",
Northern Kentucky Norse,Northern Kentucky,Norse,/cbb/schools/northern-kentucky/men/,"Highland Heights, Kentucky",
Northwestern State Demons,Northwestern State,Demons,/cbb/schools/northwestern-state/men/,"Natchitoches, Louisiana",
Northwestern Wildcats,Northwestern,Wildcats,/cbb/schools/northwestern/men/,"Evanston, Illinois",
Notre Dame Fighting Irish,Notre Dame,Fighting Irish,/cbb/schools/notre-dame/men/,"Notre Dame, Indiana",
Oakland Golden Grizzlies,Oakland,Golden Grizzlies,/cbb/schools/oakland/men/,"Rochester, Michigan",
Ohio Bobcats,Ohio,Bobcats,/cbb/schools/ohio/men/,"Athens, Ohio",
Ohio State Buckeyes,Ohio State,Buckeyes,/cbb/schools/ohio-state/men/,"Columbus, Ohio",
Oklahoma Sooners,Oklahoma,Sooners,/cbb/schools/oklahoma/men/,"Norman, Oklahoma",
Oklahoma State Cowboys,Oklahoma State,Cowboys,/cbb/schools/oklahoma-state/men/,"Stillwater, Oklahoma",
Old Dominion Monarchs,Old Dominion,Monarchs,/cbb/schools/old-dominion/men/,"Norfolk, Virginia",
Omaha Mavericks,Omaha,Mavericks,/cbb/schools/nebraska-omaha/men/,"Omaha, Nebraska",
Oral Roberts Golden Eagles,Oral Roberts,Golden Eagles,/cbb/schools/oral-roberts/men/,"Tulsa, Oklahoma",
Oregon Ducks,Oregon,Ducks,/cbb/schools/oregon/men/,"Eugene, Oregon",
Oregon State Beavers,Oregon State,Beavers,/cbb/schools/oregon-state/men/,"Corvallis, Oregon",
Pacific Tigers,Pacific,Tigers,/cbb/schools/pacific/men/,"Stockton, California",
Penn State Nittany Lions,Penn State,Nittany Lions,/cbb/schools/penn-state/men/,"University Park, Pennsylvania",
Pennsylvania Quakers,Pennsylvania,Quakers,/cbb/schools/pennsylvania/men/,"Philadelphia, Pennsylvania",
Pepperdine Waves,Pepperdine,Waves,/cbb/schools/pepperdine/men/,"Malibu, California",
Pittsburgh Panthers,Pittsburgh,Panthers,/cbb/schools/pittsburgh/men/,"Pittsburgh, Pennsylvania",
Portland Pilots,Portland,Pilots,/cbb/schools/portland/men/,"Portland, Oregon",
Portland State Vikings,Portland State,Vikings,/cbb/schools/portland-state/men/,"Portland, Oregon",
Prairie View Panthers,Prairie View,Panthers,/cbb/schools/prairie-view/men/,"Prairie View, Texas",
Presbyterian Blue Hose,Presbyterian,Blue Hose,/cbb/schools/presbyterian/men/,"Clinton, South Carolina",
Princeton Tigers,Princeton,Tigers,/cbb/schools/princeton/men/,"Princeton, New Jersey",
Providence Friars,Providence,Friars,/cbb/schools/providence/men/,"Providence, Rhode Island",
Purdue Boilermakers,Purdue,Boilermakers,/cbb/schools/purdue/men/,"West Lafayette, Indiana",
Purdue-Fort Wayne Mastodons,Purdue-Fort Wayne,Mastodons,/cbb/schools/ipfw/men/,"Fort Wayne, Indiana",Purdue Fort Wayne
Queens (NC) Royals,Queens (NC),Royals,/cbb/schools/queens-nc/men/,"Charlotte, North Carolina",
Quinnipiac Bobcats,Quinnipiac,Bobcats,/cbb/schools/quinnipiac/men/,"Hamden, Connecticut",
Radford Highlanders,Radford,Highlanders,/cbb/schools/radford/men/,"Radford, Virginia",
Rhode Island Rams,Rhode Island,Rams,/cbb/schools/rhode-island/men/,"Kingston, Rhode Island",
Rice Owls,Rice,Owls,/cbb/schools/rice/men/,"Houston, Texas",
Richmond Spiders,Richmond,Spiders,/cbb/schools/richmond/men/,"Richmond, Virginia",
Rider Broncs,Rider,Broncs,/cbb/schools/rider/men/,"Lawrenceville, New Jersey",
Robert Morris Colonials,Robert Morris,Colonials,/cbb/schools/robert-morris/men/,"Moon Township, Pennsylvania",
Rutgers Scarlet Knights,Rutgers,Scarlet Knights,/cbb/schools/rutgers/men/,"New Brunswick, New Jersey",
Sacramento State Hornets,Sacramento State,Hornets,/cbb/schools/sacramento-state/men/,"Sacramento, California",
Sacred Heart Pioneers,Sacred Heart,Pioneers,/cbb/schools/sacred-heart/men/,"Fairfield, Connecticut",
Saint Francis (PA) Red Flash,Saint Francis (PA),Red Flash,/cbb/schools/saint-francis-pa/men/,"Loretto, Pennsylvania",
Saint Joseph's Hawks,Saint Joseph's,Hawks,/cbb/schools/saint-josephs/men/,"Philadelphia, Pennsylvania",St. Joseph's
Saint Louis Billikens,Saint Louis,Billikens,/cbb/schools/saint-louis/men/,"St. Louis, Missouri",St. Joseph's
Saint Mary's (CA) Gaels,Saint Mary's (CA),Gaels,/cbb/schools/saint-marys-ca/men/,"Moraga, California",St. Mary's
Saint Peter's Peacocks,Saint Peter's,Peacocks,/cbb/schools/saint-peters/men/,"Jersey City, New Jersey",St. Peter's
Sam Houston State Bearkats,Sam Houston State,Bearkats,/cbb/schools/sam-houston-state/men/,"Huntsville, Texas",
Samford Bulldogs,Samford,Bulldogs,/cbb/schools/samford/men/,"Birmingham, Alabama",Sam Houston
San Diego State Aztecs, Aztecs,Aztecs,/cbb/schools/san-diego-state/men/,"San Diego, California",
San Diego Toreros,San Diego,Toreros,/cbb/schools/san-diego/men/,"San Diego, California",
San Francisco Dons,San Francisco,Dons,/cbb/schools/san-francisco/men/,"San Francisco, California",
San Jose State Spartans,San Jose State,Spartans,/cbb/schools/san-jose-state/men/,"San Jose, California",
Santa Clara Broncos,Santa Clara,Broncos,/cbb/schools/santa-clara/men/,"Santa Clara, California",
Seattle Redhawks,Seattle,Redhawks,/cbb/schools/seattle/men/,"Seattle, Washington",
Seton Hall Pirates,Seton Hall ,Pirates,/cbb/schools/seton-hall/men/,"South Orange, New Jersey",
Siena Saints,Siena,Saints,/cbb/schools/siena/men/,"Loudonville, New York",
South Alabama Jaguars,South Alabama,Jaguars,/cbb/schools/south-alabama/men/,"Mobile, Alabama",
South Carolina Gamecocks,South Carolina,Gamecocks,/cbb/schools/south-carolina/men/,"Columbia, South Carolina",
South Carolina State Bulldogs,South Carolina State,Bulldogs,/cbb/schools/south-carolina-state/men/,"Orangeburg, South Carolina",
South Carolina Upstate Spartans,South Carolina Upstate,Spartans,/cbb/schools/south-carolina-upstate/men/,"Spartanburg, South Carolina",
South Dakota Coyotes,South Dakota,Coyotes,/cbb/schools/south-dakota/men/,"Vermillion, South Dakota",
South Dakota State Jackrabbits,South Dakota State,Jackrabbits,/cbb/schools/south-dakota-state/men/,"Brookings, South Dakota",South Dakota State
South Florida Bulls,South Florida,Bulls,/cbb/schools/south-florida/men/,"Tampa, Florida",
Southeast Missouri State Redhawks,Southeast Missouri State,Redhawks,/cbb/schools/southeast-missouri-state/men/,"Cape Girardeau, Missouri",
Southeastern Louisiana Lions,Southeastern Louisiana,Lions,/cbb/schools/southeastern-louisiana/men/,"Hammond, Louisiana",
Southern California Trojans,Southern California,Trojans,/cbb/schools/southern-california/men/,"Los Angeles, California",
Southern Illinois Salukis,Southern Illinois,Salukis,/cbb/schools/southern-illinois/men/,"Carbondale, Illinois",
Southern Illinois-Edwardsville Cougars,Southern Illinois-Edwardsville,Cougars,/cbb/schools/southern-illinois-edwardsville/men/,"Edwardsville, Illinois",
Southern Indiana Screaming Eagles,Southern Indiana,Screaming Eagles,/cbb/schools/southern-indiana/men/,"Evansville, Indiana",
Southern Jaguars,Southern,Jaguars,/cbb/schools/southern/men/,"Baton Rouge, Louisiana",
Southern Methodist Mustangs,Southern Methodist,Mustangs,/cbb/schools/southern-methodist/men/,"Dallas, Texas",SMU
Southern Mississippi Golden Eagles,Southern Mississippi,Golden Eagles,/cbb/schools/southern-mississippi/men/,"Hattiesburg, Mississippi",
Southern Utah Thunderbirds,Southern Utah,Thunderbirds,/cbb/schools/southern-utah/men/,"Cedar City, Utah",
St. Bonaventure Bonnies,St. Bonaventure,Bonnies,/cbb/schools/st-bonaventure/men/,"St. Bonaventure, New York",
St. Francis (NY) Terriers,St. Francis (NY),Terriers,/cbb/schools/st-francis-ny/men/,"Brooklyn Heights, New York",
St. John's (NY) Red Storm,St. John's (NY),Red Storm,/cbb/schools/st-johns-ny/men/,"Queens, New York",
St. Thomas Tommies,St. Thomas,Tommies,/cbb/schools/st-thomas-mn/men/,"St. Paul, Minnesota",
Stanford Cardinal,Stanford,Cardinal,/cbb/schools/stanford/men/,"Stanford, California",
Stephen F. Austin Lumberjacks,Stephen F. Austin,Lumberjacks,/cbb/schools/stephen-f-austin/men/,"Nacogdoches, Texas",
Stetson Hatters,Stetson,Hatters,/cbb/schools/stetson/men/,"DeLand, Florida",
Stonehill Skyhawks,Stonehill,Skyhawks,/cbb/schools/stonehill/men/,"Easton, Massachusetts",
Stony Brook Seawolves,Stony Brook,Seawolves,/cbb/schools/stony-brook/men/,"Stony Brook, New York",
Syracuse Orange,Syracuse,Orange,/cbb/schools/syracuse/men/,"Syracuse, New York",
Tarleton State Texans,Tarleton State,Texans,/cbb/schools/tarleton-state/men/,"Stephenville, Texas",
TCU Horned Frogs,TCU,Horned Frogs,/cbb/schools/texas-christian/men/,"Fort Worth, Texas",
Temple Owls,Temple,Owls,/cbb/schools/temple/men/,"Philadelphia, Pennsylvania",
Tennessee State Tigers,Tennessee State,Tigers,/cbb/schools/tennessee-state/men/,"Nashville, Tennessee",
Tennessee Tech Golden Eagles,Tennessee Tech,Golden Eagles,/cbb/schools/tennessee-tech/men/,"Cookeville, Tennessee",
Tennessee Volunteers,Tennessee,Volunteers,/cbb/schools/tennessee/men/,"Knoxville, Tennessee",
Tennessee-Martin Skyhawks,Tennessee-Martin,Skyhawks,/cbb/schools/tennessee-martin/men/,"Martin, Tennessee",UT-Martin
Texas A&M Aggies,Texas A&M,Aggies,/cbb/schools/texas-am/men/,"College Station, Texas",
Texas A&M-Commerce Lions,Texas A&M-Commerce,Lions,/cbb/schools/texas-am-commerce/men/,"Commerce, Texas",
Texas A&M-Corpus Christi Islanders,Texas A&M-Corpus Christi,Islanders,/cbb/schools/texas-am-corpus-christi/men/,"Corpus Christi, Texas",
Texas Longhorns,Texas,Longhorns,/cbb/schools/texas/men/,"Austin, Texas",
Texas Southern Tigers,Texas Southern,Tigers,/cbb/schools/texas-southern/men/,"Houston, Texas",
Texas State Bobcats,Texas State,Bobcats,/cbb/schools/texas-state/men/,"San Marcos, Texas",
Texas Tech Red Raiders,Texas Tech,Red Raiders,/cbb/schools/texas-tech/men/,"Lubbock, Texas",
Texas-Rio Grande Valley Vaqueros,Texas-Rio Grande Valley,Vaqueros,/cbb/schools/texas-pan-american/men/,"Edinburg, Texas",
The Citadel Bulldogs,The Citadel,Bulldogs,/cbb/schools/citadel/men/,"Charleston, South Carolina",
Toledo Rockets,Toledo,Rockets,/cbb/schools/toledo/men/,"Toledo, Ohio",
Towson Tigers,Towson,Tigers,/cbb/schools/towson/men/,"Towson, Maryland",
Troy Trojans,Troy,Trojans,/cbb/schools/troy/men/,"Troy, Alabama",
Tulane Green Wave,Tulane,Green Wave,/cbb/schools/tulane/men/,"New Orleans, Louisiana",
Tulsa Golden Hurricane,Tulsa,Golden Hurricane,/cbb/schools/tulsa/men/,"Tulsa, Oklahoma",
UAB Blazers,UAB,Blazers,/cbb/schools/alabama-birmingham/men/,"Birmingham, Alabama",
UC Davis Aggies,UC Davis,Aggies,/cbb/schools/california-davis/men/,"Davis, California",UC-Davis
UC Irvine Anteaters,UC Irvine,Anteaters,/cbb/schools/california-irvine/men/,"Irvine, California",UC-Irvine
UC Riverside Highlanders,UC Riverside,Highlanders,/cbb/schools/california-riverside/men/,"Riverside, California",UC-Riverside
UC San Diego Tritons,UC San Diego,Tritons,/cbb/schools/california-san-diego/men/,"La Jolla, California",UC-San Diego
UC Santa Barbara Gauchos,UC Santa Barbara,Gauchos,/cbb/schools/california-santa-barbara/men/,"Santa Barbara, California",UCSB
UCLA Bruins,UCLA,Bruins,/cbb/schools/ucla/men/,"Los Angeles, California",
UNC Asheville Bulldogs,UNC Asheville,Bulldogs,/cbb/schools/north-carolina-asheville/men/,"Asheville, North Carolina",
UNC Greensboro Spartans,UNC Greensboro,Spartans,/cbb/schools/north-carolina-greensboro/men/,"Greensboro, North Carolina",
UNC Wilmington Seahawks,UNC Wilmington,Seahawks,/cbb/schools/north-carolina-wilmington/men/,"Wilmington, North Carolina",
UT Arlington Mavericks,UT Arlington,Mavericks,/cbb/schools/texas-arlington/men/,"Arlington, Texas",
Utah State Aggies,Utah State,Aggies,/cbb/schools/utah-state/men/,"Logan, Utah",
Utah Tech Trailblazers,Utah Tech,Trailblazers,/cbb/schools/dixie-state/men/,"St. George, Utah",
Utah Utes,Utah,Utes,/cbb/schools/utah/men/,"Salt Lake City, Utah",
Utah Valley Wolverines,Utah Valley,Wolverines,/cbb/schools/utah-valley/men/,"Orem, Utah",
UTEP Miners,UTEP,Miners,/cbb/schools/texas-el-paso/men/,"El Paso, Texas",
UTSA Roadrunners,UTSA,Roadrunners,/cbb/schools/texas-san-antonio/men/,"San Antonio, Texas",
Valparaiso Beacons,Valparaiso,Beacons,/cbb/schools/valparaiso/men/,"Valparaiso, Indiana",
Vanderbilt Commodores,Vanderbilt,Commodores,/cbb/schools/vanderbilt/men/,"Nashville, Tennessee",
Vermont Catamounts,Vermont,Catamounts,/cbb/schools/vermont/men/,"Burlington, Vermont",
Villanova Wildcats,Villanova,Wildcats,/cbb/schools/villanova/men/,"Villanova, Pennsylvania",
Virginia Cavaliers,Virginia,Cavaliers,/cbb/schools/virginia/men/,"Charlottesville, Virginia",
Virginia Commonwealth Rams,Virginia Commonwealth,Rams,/cbb/schools/virginia-commonwealth/men/,"Richmond, Virginia",
Virginia Military Institute Keydets,Virginia Military Institute,Keydets,/cbb/schools/virginia-military-institute/men/,"Lexington, Virginia",
Virginia Tech Hokies,Virginia Tech,Hokies,/cbb/schools/virginia-tech/men/,"Blacksburg, Virginia",
Wagner Seahawks,Wagner,Seahawks,/cbb/schools/wagner/men/,"Staten Island, New York",
Wake Forest Demon Deacons,Wake Forest,Demon Deacons,/cbb/schools/wake-forest/men/,"Winston-Salem, North Carolina",
Washington Huskies,Washington,Huskies,/cbb/schools/washington/men/,"Seattle, Washington",
Washington State Cougars,Washington State,Cougars,/cbb/schools/washington-state/men/,"Pullman, Washington",
Weber State Wildcats,Weber State,Wildcats,/cbb/schools/weber-state/men/,"Ogden, Utah",
West Virginia Mountaineers,West Virginia,Mountaineers,/cbb/schools/west-virginia/men/,"Morgantown, West Virginia",
Western Carolina Catamounts,Western Carolina,Catamounts,/cbb/schools/western-carolina/men/,"Cullowhee, North Carolina",
Western Illinois Leathernecks,Western Illinois,Leathernecks,/cbb/schools/western-illinois/men/,"Macomb, Illinois",
Western Kentucky Hilltoppers,Western Kentucky,Hilltoppers,/cbb/schools/western-kentucky/men/,"Bowling Green, Kentucky",
Western Michigan Broncos,Western Michigan,Broncos,/cbb/schools/western-michigan/men/,"Kalamazoo, Michigan",
Wichita State Shockers,Wichita State,Shockers,/cbb/schools/wichita-state/men/,"Wichita, Kansas",
William & Mary Tribe,William & Mary,Tribe,/cbb/schools/william-mary/men/,"Williamsburg, Virginia",
Winthrop Eagles,Winthrop,Eagles,/cbb/schools/winthrop/men/,"Rock Hill, South Carolina",
Wisconsin Badgers,Wisconsin,Badgers,/cbb/schools/wisconsin/men/,"Madison, Wisconsin",
Wofford Terriers,Wofford,Terriers,/cbb/schools/wofford/men/,"Spartanburg, South Carolina",
Wright State Raiders,Wright State,Raiders,/cbb/schools/wright-state/men/,"Dayton, Ohio",
Wyoming Cowboys,Wyoming,Cowboys,/cbb/schools/wyoming/men/,"Laramie, Wyoming",
Xavier Musketeers,Xavier,Musketeers,/cbb/schools/xavier/men/,"Cincinnati, Ohio",
Yale Bulldogs,Yale,Bulldogs,/cbb/schools/yale/men/,"New Haven, Connecticut",
Youngstown State Penguins,Youngstown State,Penguins,/cbb/schools/youngstown-state/men/,"Youngstown, Ohio",
